id,unit_id,name,email,phone
,,John Smith,john.smith@email.com,020 7123 4560
,,Sarah Wilson,sarah.wilson@email.com,020 7123 4561
,,Michael Brown,michael.brown@email.com,020 7123 4562
,,Emma Davis,emma.davis@email.com,020 7123 4563
,,David Thompson,david.thompson@email.com,020 7123 4564
,,Lisa Johnson,lisa.johnson@email.com,0161 234 5670
,,Robert Taylor,robert.taylor@email.com,0161 234 5671
,,Jennifer Anderson,jennifer.anderson@email.com,0161 234 5672
,,Christopher White,chris.white@email.com,0161 234 5673
,,Amanda Martinez,amanda.martinez@email.com,0161 234 5674
,,James Wilson,james.wilson@email.com,0121 345 6780
,,Mary Clarke,mary.clarke@email.com,0121 345 6781
,,Paul Robinson,paul.robinson@email.com,0121 345 6782
,,Rachel Green,rachel.green@email.com,0121 345 6783